,ChEMBL_ID,pIC50,SMILES,natural_product,train-NP_CVfold-0,train-NP_CVfold-1,train-NP_CVfold-2,train-NP_CVfold-3,train-NP_CVfold-4,train-nonNP_CVfold-0,train-nonNP_CVfold-1,train-nonNP_CVfold-2,train-nonNP_CVfold-3,train-nonNP_CVfold-4,train-stratifiedNP_CVfold-0,train-stratifiedNP_CVfold-1,train-stratifiedNP_CVfold-2,train-stratifiedNP_CVfold-3,train-stratifiedNP_CVfold-4
1,CHEMBL162147,8.71,Cc1nc2c(Cl)cc(C(F)(F)F)cn2c(=O)c1CCN1CCc2oc3ccccc3c2C1,False,test-nonNP,ignore,ignore,ignore,ignore,test-nonNP,train,train,train,train,test-nonNP,train,train,train,train
2,CHEMBL162370,8.81,Cc1ccc2nc(C)c(CCN3CCc4oc5ccccc5c4C3)c(=O)n2c1,False,test-nonNP,ignore,ignore,ignore,ignore,test-nonNP,train,train,train,train,test-nonNP,train,train,train,train
3,CHEMBL162436,8.38,O=c1c(CCN2CCc3oc4ccccc4c3C2)c(Cc2ccccc2)nc2ccccn12,False,test-nonNP,ignore,ignore,ignore,ignore,test-nonNP,train,train,train,train,test-nonNP,train,train,train,train
4,CHEMBL162501,8.59,Cc1nc2ccccn2c(=O)c1CCN1CCc2oc3ccccc3c2C1,False,test-nonNP,ignore,ignore,ignore,ignore,test-nonNP,train,train,train,train,test-nonNP,train,train,train,train
5,CHEMBL164612,8.36,Cc1nc2ccccn2c(=O)c1CCN1CCc2oc3c(Cl)cccc3c2C1,False,test-nonNP,ignore,ignore,ignore,ignore,test-nonNP,train,train,train,train,test-nonNP,train,train,train,train
6,CHEMBL2203713,4.5,N=C(Nc1ccc2c(c1)CCN2C1CCNCC1)c1cccs1,False,test-nonNP,ignore,ignore,ignore,ignore,test-nonNP,train,train,train,train,test-nonNP,train,train,train,train
7,CHEMBL351200,8.67,Cc1nc2c(C)cccn2c(=O)c1CCN1CCc2oc3ccccc3c2C1,False,test-nonNP,ignore,ignore,ignore,ignore,test-nonNP,train,train,train,train,test-nonNP,train,train,train,train
8,CHEMBL4483761,6.1,CCOc1cc(N2CCC3(CC2)C(=O)Nc2ccc(Br)cc23)nnc1C(F)(F)F,False,test-nonNP,ignore,ignore,ignore,ignore,test-nonNP,train,train,train,train,test-nonNP,train,train,train,train
9,CHEMBL461571,6.11,Cc1c(C(=O)c2ccc(Cl)cc2)c2ccc(OC(F)(F)F)cc2n1Cc1cccc(O[C@H](C)C(=O)O)c1,False,test-nonNP,ignore,ignore,ignore,ignore,test-nonNP,train,train,train,train,test-nonNP,train,train,train,train
10,CHEMBL119385,4.5,O=c1ncn2nc(Sc3ccc(F)cc3F)ccc2c1-c1c(Cl)cccc1Cl,False,ignore,test-nonNP,ignore,ignore,ignore,train,test-nonNP,train,train,train,train,test-nonNP,train,train,train
11,CHEMBL1262,5.44,Clc1ccc(CO/N=C(\Cn2ccnc2)c2ccc(Cl)cc2Cl)c(Cl)c1,False,ignore,test-nonNP,ignore,ignore,ignore,train,test-nonNP,train,train,train,train,test-nonNP,train,train,train
12,CHEMBL162490,8.69,COc1cccn2c(=O)c(CCN3CCc4oc5ccccc5c4C3)c(C)nc12,False,ignore,test-nonNP,ignore,ignore,ignore,train,test-nonNP,train,train,train,train,test-nonNP,train,train,train
13,CHEMBL162826,8.76,Cc1nc2c(O)cccn2c(=O)c1CCN1CCc2oc3ccccc3c2C1,False,ignore,test-nonNP,ignore,ignore,ignore,train,test-nonNP,train,train,train,train,test-nonNP,train,train,train
14,CHEMBL165677,7.1,Cc1nc2ccccn2c(=O)c1CCN1CCc2oc3ccc(Cl)cc3c2C1,False,ignore,test-nonNP,ignore,ignore,ignore,train,test-nonNP,train,train,train,train,test-nonNP,train,train,train
15,CHEMBL1902981,5.52,CCc1ccc(C(=O)C(C)CN2CCCCC2)cc1,False,ignore,test-nonNP,ignore,ignore,ignore,train,test-nonNP,train,train,train,train,test-nonNP,train,train,train
17,CHEMBL4061793,5.1,O=S(=O)(Nc1nccs1)c1cc(Cl)c(NCC23CCCN2CCC3)cc1F,False,ignore,test-nonNP,ignore,ignore,ignore,train,test-nonNP,train,train,train,train,test-nonNP,train,train,train
18,CHEMBL420,6.83,N=C(N)N/N=C/c1c(Cl)cccc1Cl,False,ignore,test-nonNP,ignore,ignore,ignore,train,test-nonNP,train,train,train,train,test-nonNP,train,train,train
19,CHEMBL954,5.8,CCN(CC)CCOc1ccc(/C(=C(/Cl)c2ccccc2)c2ccccc2)cc1,False,ignore,test-nonNP,ignore,ignore,ignore,train,test-nonNP,train,train,train,train,test-nonNP,train,train,train
20,CHEMBL1083787,5.12,O=C(NCCCCN1CCCCC1)Nc1ccc(-c2ccc(F)cc2)nc1,False,ignore,ignore,test-nonNP,ignore,ignore,train,train,test-nonNP,train,train,train,train,test-nonNP,train,train
22,CHEMBL162058,6.71,COc1cc2nc(C)c(CCN3CCc4oc5ccccc5c4C3)c(=O)n2cc1OC,False,ignore,ignore,test-nonNP,ignore,ignore,train,train,test-nonNP,train,train,train,train,test-nonNP,train,train
23,CHEMBL163190,8.83,Cc1nc2cccc(C)n2c(=O)c1CCN1CCc2oc3ccccc3c2C1,False,ignore,ignore,test-nonNP,ignore,ignore,train,train,test-nonNP,train,train,train,train,test-nonNP,train,train
24,CHEMBL165350,8.87,Cc1nc2ccc(Br)cn2c(=O)c1CCN1CCc2oc3ccccc3c2C1,False,ignore,ignore,test-nonNP,ignore,ignore,train,train,test-nonNP,train,train,train,train,test-nonNP,train,train
25,CHEMBL165796,8.59,Cc1ccn2c(=O)c(CCN3CCc4oc5ccccc5c4C3)c(C)nc2c1,False,ignore,ignore,test-nonNP,ignore,ignore,train,train,test-nonNP,train,train,train,train,test-nonNP,train,train
26,CHEMBL3403995,6.0,COCCCOc1cc(C(=O)N(C[C@@H]2CNC[C@H]2OC(=O)NCc2ccccc2)C(C)C)ccc1OC,False,ignore,ignore,test-nonNP,ignore,ignore,train,train,test-nonNP,train,train,train,train,test-nonNP,train,train
27,CHEMBL547,5.18,CC1=C(/C=C/C(C)=C/C=C/C(C)=C\C(=O)O)C(C)(C)CCC1,False,ignore,ignore,test-nonNP,ignore,ignore,train,train,test-nonNP,train,train,train,train,test-nonNP,train,train
28,CHEMBL7002,4.88,CC1(COc2ccc(CC3SC(=O)NC3=O)cc2)CCCCC1,False,ignore,ignore,test-nonNP,ignore,ignore,train,train,test-nonNP,train,train,train,train,test-nonNP,train,train
29,CHEMBL844,5.98,Brc1c(NC2=NCCN2)ccc2nccnc12,False,ignore,ignore,test-nonNP,ignore,ignore,train,train,test-nonNP,train,train,train,train,test-nonNP,train,train
30,CHEMBL12131,5.75,Cc1cc(C(C#N)c2ccc(Cl)cc2)c(Cl)cc1NC(=O)c1cc(I)cc(I)c1O,False,ignore,ignore,ignore,test-nonNP,ignore,train,train,train,test-nonNP,train,train,train,train,test-nonNP,train
31,CHEMBL162232,8.58,Cc1cc(C)n2c(=O)c(CCN3CCc4oc5ccccc5c4C3)c(C)nc2c1,False,ignore,ignore,ignore,test-nonNP,ignore,train,train,train,test-nonNP,train,train,train,train,test-nonNP,train
32,CHEMBL162682,8.68,Cc1nc2ccc(I)cn2c(=O)c1CCN1CCc2oc3ccccc3c2C1,False,ignore,ignore,ignore,test-nonNP,ignore,train,train,train,test-nonNP,train,train,train,train,test-nonNP,train
33,CHEMBL1909072,8.76,NC(=O)C1CCN(CCCN2c3ccccc3Sc3ccc(Cl)cc32)CC1,False,ignore,ignore,ignore,test-nonNP,ignore,train,train,train,test-nonNP,train,train,train,train,test-nonNP,train
35,CHEMBL351483,9.02,Cc1nc2ccc(Cl)cn2c(=O)c1CCN1CCc2oc3ccccc3c2C1,False,ignore,ignore,ignore,test-nonNP,ignore,train,train,train,test-nonNP,train,train,train,train,test-nonNP,train
36,CHEMBL411,4.93,CC/C(=C(/CC)c1ccc(O)cc1)c1ccc(O)cc1,False,ignore,ignore,ignore,test-nonNP,ignore,train,train,train,test-nonNP,train,train,train,train,test-nonNP,train
37,CHEMBL470432,6.02,CCCN1CCC(COc2nc3scc(C)c3n3cccc23)CC1,False,ignore,ignore,ignore,test-nonNP,ignore,train,train,train,test-nonNP,train,train,train,train,test-nonNP,train
39,CHEMBL1201216,5.94,Cc1ccccc1N1CCN(CCc2nnc3n2CCCC3)CC1,False,ignore,ignore,ignore,ignore,test-nonNP,train,train,train,train,test-nonNP,train,train,train,train,test-nonNP
40,CHEMBL163247,8.9,Cc1nc2c(Cl)cc(Cl)cn2c(=O)c1CCN1CCc2oc3ccccc3c2C1,False,ignore,ignore,ignore,ignore,test-nonNP,train,train,train,train,test-nonNP,train,train,train,train,test-nonNP
41,CHEMBL165181,7.94,Cc1nc2ccccn2c(=O)c1CCN1CCc2sc3ccccc3c2C1,False,ignore,ignore,ignore,ignore,test-nonNP,train,train,train,train,test-nonNP,train,train,train,train,test-nonNP
42,CHEMBL165776,7.97,Cc1nc2ccccn2c(=O)c1CCCN1CCc2oc3ccccc3c2C1,False,ignore,ignore,ignore,ignore,test-nonNP,train,train,train,train,test-nonNP,train,train,train,train,test-nonNP
43,CHEMBL30008,5.72,Fc1ccc(C(c2ccc(F)cc2)N2CCN(C/C=C/c3ccccc3)CC2)cc1,False,ignore,ignore,ignore,ignore,test-nonNP,train,train,train,train,test-nonNP,train,train,train,train,test-nonNP
44,CHEMBL3582472,5.6,Fc1cncc(-c2nc3cc(F)c(F)cc3n2C2CC2)c1,False,ignore,ignore,ignore,ignore,test-nonNP,train,train,train,train,test-nonNP,train,train,train,train,test-nonNP
45,CHEMBL3582478,5.33,CC(C)(O)c1cncc(-c2nc3ccc(F)cc3n2C2CC2)c1,False,ignore,ignore,ignore,ignore,test-nonNP,train,train,train,train,test-nonNP,train,train,train,train,test-nonNP
46,CHEMBL43064,5.65,C(=C/c1ccccc1)\CN1CCN(C(c2ccccc2)c2ccccc2)CC1,False,ignore,ignore,ignore,ignore,test-nonNP,train,train,train,train,test-nonNP,train,train,train,train,test-nonNP
47,CHEMBL83,5.45,CC/C(=C(\c1ccccc1)c1ccc(OCCN(C)C)cc1)c1ccccc1,False,ignore,ignore,ignore,ignore,test-nonNP,train,train,train,train,test-nonNP,train,train,train,train,test-nonNP
48,CHEMBL1076211,6.0,Cc1ccc(C(=O)C(C)CN2CCCCC2)cc1,True,test-NP,train,train,train,train,test-NP,ignore,ignore,ignore,ignore,test-NP,train,train,train,train
49,CHEMBL118,5.82,Cc1ccc(-c2cc(C(F)(F)F)nn2-c2ccc(S(N)(=O)=O)cc2)cc1,True,test-NP,train,train,train,train,test-NP,ignore,ignore,ignore,ignore,test-NP,train,train,train,train
50,CHEMBL1385840,8.52,CC(C)[C@H]1C(=O)N2CCC[C@H]2[C@]2(O)O[C@](NC(=O)[C@@H]3C=C4c5cccc6[nH]cc(c56)C[C@H]4N(C)C3)(C(C)C)C(=O)N12,True,test-NP,train,train,train,train,test-NP,ignore,ignore,ignore,ignore,test-NP,train,train,train,train
51,CHEMBL1628227,7.15,CN(C)CCC=C1c2ccccc2COc2ccccc21,True,test-NP,train,train,train,train,test-NP,ignore,ignore,ignore,ignore,test-NP,train,train,train,train
52,CHEMBL1732,8.41,CN1C[C@H](C(=O)N[C@]2(C)O[C@@]3(O)[C@@H]4CCCN4C(=O)[C@H](Cc4ccccc4)N3C2=O)C[C@@H]2c3cccc4[nH]cc(c34)C[C@H]21,True,test-NP,train,train,train,train,test-NP,ignore,ignore,ignore,ignore,test-NP,train,train,train,train
53,CHEMBL2,6.54,COc1cc2nc(N3CCN(C(=O)c4ccco4)CC3)nc(N)c2cc1OC,True,test-NP,train,train,train,train,test-NP,ignore,ignore,ignore,ignore,test-NP,train,train,train,train
54,CHEMBL219916,5.67,O=c1[nH]c2ccccc2n1CCCN1CCC(n2c(=O)[nH]c3cc(Cl)ccc32)CC1,True,test-NP,train,train,train,train,test-NP,ignore,ignore,ignore,ignore,test-NP,train,train,train,train
55,CHEMBL395110,6.4,CN1CCCC(CN2c3ccccc3Sc3ccccc32)C1,True,test-NP,train,train,train,train,test-NP,ignore,ignore,ignore,ignore,test-NP,train,train,train,train
56,CHEMBL415,7.0,CN(C)CCCN1c2ccccc2CCc2ccc(Cl)cc21,True,test-NP,train,train,train,train,test-NP,ignore,ignore,ignore,ignore,test-NP,train,train,train,train
57,CHEMBL434063,4.7,CN(CCOc1ccc(C[C@H](Nc2ccccc2C(=O)c2ccccc2)C(=O)O)cc1)c1ccccn1,True,test-NP,train,train,train,train,test-NP,ignore,ignore,ignore,ignore,test-NP,train,train,train,train
58,CHEMBL508112,6.79,c1ccc2sc(SSc3nc4ccccc4s3)nc2c1,True,test-NP,train,train,train,train,test-NP,ignore,ignore,ignore,ignore,test-NP,train,train,train,train
59,CHEMBL534,6.15,CN1CCC(=C2c3ccccc3CC(=O)c3sccc32)CC1,True,test-NP,train,train,train,train,test-NP,ignore,ignore,ignore,ignore,test-NP,train,train,train,train
60,CHEMBL597,7.75,Cc1ccc(N(CC2=NCCN2)c2cccc(O)c2)cc1,True,test-NP,train,train,train,train,test-NP,ignore,ignore,ignore,ignore,test-NP,train,train,train,train
61,CHEMBL654,6.65,CN1CCN2c3ncccc3Cc3ccccc3C2C1,True,test-NP,train,train,train,train,test-NP,ignore,ignore,ignore,ignore,test-NP,train,train,train,train
62,CHEMBL728,8.0,CN1CCN(CCCN2c3ccccc3Sc3ccc(Cl)cc32)CC1,True,test-NP,train,train,train,train,test-NP,ignore,ignore,ignore,ignore,test-NP,train,train,train,train
63,CHEMBL7568,5.74,CCN(CC)CCCC(C)Nc1c2ccc(Cl)cc2nc2ccc(OC)cc12,True,test-NP,train,train,train,train,test-NP,ignore,ignore,ignore,ignore,test-NP,train,train,train,train
64,CHEMBL809,6.74,CN[C@H]1CC[C@@H](c2ccc(Cl)c(Cl)c2)c2ccccc21,True,test-NP,train,train,train,train,test-NP,ignore,ignore,ignore,ignore,test-NP,train,train,train,train
65,CHEMBL10316,7.71,c1ccc2c(c1)OCC(C1=NCCN1)O2,True,train,test-NP,train,train,train,ignore,test-NP,ignore,ignore,ignore,train,test-NP,train,train,train
66,CHEMBL119443,6.54,C[C@@H](CO)NC(=O)[C@@H]1C=C2c3cccc4[nH]cc(c34)C[C@H]2N(C)C1,True,train,test-NP,train,train,train,ignore,test-NP,ignore,ignore,ignore,train,test-NP,train,train,train
67,CHEMBL1403281,7.58,CC(C)C[C@H]1C(=O)N2CCC[C@H]2[C@]2(O)O[C@](NC(=O)[C@@H]3C=C4c5cccc6[nH]cc(c56)C[C@H]4N(C)C3)(C(C)C)C(=O)N12,True,train,test-NP,train,train,train,ignore,test-NP,ignore,ignore,ignore,train,test-NP,train,train,train
68,CHEMBL1479,4.63,C#C[C@]1(O)CC[C@H]2[C@@H]3CCC4=Cc5oncc5C[C@]4(C)[C@H]3CC[C@@]21C,True,train,test-NP,train,train,train,ignore,test-NP,ignore,ignore,ignore,train,test-NP,train,train,train
69,CHEMBL15245,7.77,COC(=O)[C@@H]1[C@H]2C[C@H]3c4[nH]c5ccccc5c4CCN3C[C@@H]2CC[C@@H]1O,True,train,test-NP,train,train,train,ignore,test-NP,ignore,ignore,ignore,train,test-NP,train,train,train
70,CHEMBL1626,6.51,CN1CCC[C@@H]1CCO[C@](C)(c1ccccc1)c1ccc(Cl)cc1,True,train,test-NP,train,train,train,ignore,test-NP,ignore,ignore,ignore,train,test-NP,train,train,train
71,CHEMBL42,7.64,CN1CCN(C2=Nc3cc(Cl)ccc3Nc3ccccc32)CC1,True,train,test-NP,train,train,train,ignore,test-NP,ignore,ignore,ignore,train,test-NP,train,train,train
72,CHEMBL516,7.42,CN1CCC(=C2c3ccccc3C=Cc3ccccc32)CC1,True,train,test-NP,train,train,train,ignore,test-NP,ignore,ignore,ignore,train,test-NP,train,train,train
73,CHEMBL629,8.09,CN(C)CCC=C1c2ccccc2CCc2ccccc21,True,train,test-NP,train,train,train,ignore,test-NP,ignore,ignore,ignore,train,test-NP,train,train,train
74,CHEMBL6437,7.28,CN1CCN2c3ccccc3Cc3ccccc3C2C1,True,train,test-NP,train,train,train,ignore,test-NP,ignore,ignore,ignore,train,test-NP,train,train,train
75,CHEMBL679,6.06,CNC[C@H](O)c1ccc(O)c(O)c1,True,train,test-NP,train,train,train,ignore,test-NP,ignore,ignore,ignore,train,test-NP,train,train,train
76,CHEMBL723,7.03,COc1ccccc1OCCNCC(O)COc1cccc2[nH]c3ccccc3c12,True,train,test-NP,train,train,train,ignore,test-NP,ignore,ignore,ignore,train,test-NP,train,train,train
77,CHEMBL833,6.52,Clc1ccccc1CN1CCc2sccc2C1,True,train,test-NP,train,train,train,ignore,test-NP,ignore,ignore,ignore,train,test-NP,train,train,train
78,CHEMBL85,7.58,Cc1nc2n(c(=O)c1CCN1CCC(c3noc4cc(F)ccc34)CC1)CCCC2,True,train,test-NP,train,train,train,ignore,test-NP,ignore,ignore,ignore,train,test-NP,train,train,train
79,CHEMBL862,6.6,N=C(N)NC(=O)Cc1c(Cl)cccc1Cl,True,train,test-NP,train,train,train,ignore,test-NP,ignore,ignore,ignore,train,test-NP,train,train,train
80,CHEMBL900,5.72,Cc1ccccc1C(OCCN(C)C)c1ccccc1,True,train,test-NP,train,train,train,ignore,test-NP,ignore,ignore,ignore,train,test-NP,train,train,train
81,CHEMBL964,5.49,CCN(CC)C(=S)SSC(=S)N(CC)CC,True,train,test-NP,train,train,train,ignore,test-NP,ignore,ignore,ignore,train,test-NP,train,train,train
82,CHEMBL1016,5.42,CCOc1nc2cccc(C(=O)O)c2n1Cc1ccc(-c2ccccc2-c2nnn[nH]2)cc1,True,train,train,test-NP,train,train,ignore,ignore,test-NP,ignore,ignore,train,train,test-NP,train,train
83,CHEMBL1113,6.25,Clc1ccc2c(c1)C(N1CCNCC1)=Nc1ccccc1O2,True,train,train,test-NP,train,train,ignore,ignore,test-NP,ignore,ignore,train,train,test-NP,train,train
84,CHEMBL1201203,7.19,CN1[C@@H]2CC[C@H]1C[C@@H](OC(c1ccccc1)c1ccccc1)C2,True,train,train,test-NP,train,train,ignore,ignore,test-NP,ignore,ignore,train,train,test-NP,train,train
85,CHEMBL1201353,5.34,CN(C)CC[C@@H](c1ccc(Cl)cc1)c1ccccn1,True,train,train,test-NP,train,train,ignore,ignore,test-NP,ignore,ignore,train,train,test-NP,train,train
86,CHEMBL1219,5.76,COCCCOc1ccnc(C[S+]([O-])c2nc3ccccc3[nH]2)c1C,True,train,train,test-NP,train,train,ignore,ignore,test-NP,ignore,ignore,train,train,test-NP,train,train
87,CHEMBL1221,5.45,Clc1ccc(CSC(Cn2ccnc2)c2ccc(Cl)cc2Cl)cc1,True,train,train,test-NP,train,train,ignore,ignore,test-NP,ignore,ignore,train,train,test-NP,train,train
88,CHEMBL1276308,4.58,CC#C[C@]1(O)CC[C@H]2[C@@H]3CCC4=CC(=O)CCC4=C3[C@@H](c3ccc(N(C)C)cc3)C[C@@]21C,True,train,train,test-NP,train,train,ignore,ignore,test-NP,ignore,ignore,train,train,test-NP,train,train
89,CHEMBL1289,6.26,Clc1cc(Cl)c(OCC#CI)cc1Cl,True,train,train,test-NP,train,train,ignore,ignore,test-NP,ignore,ignore,train,train,test-NP,train,train
90,CHEMBL134,7.08,Clc1cccc(Cl)c1NC1=NCCN1,True,train,train,test-NP,train,train,ignore,ignore,test-NP,ignore,ignore,train,train,test-NP,train,train
91,CHEMBL1419,5.62,CC(C)CC(N(C)C)C1(c2ccc(Cl)cc2)CCC1,True,train,train,test-NP,train,train,ignore,ignore,test-NP,ignore,ignore,train,train,test-NP,train,train
92,CHEMBL157138,9.29,CCN(CC)C(=O)N[C@H]1C=C2c3cccc4[nH]cc(c34)C[C@H]2N(C)C1,True,train,train,test-NP,train,train,ignore,ignore,test-NP,ignore,ignore,train,train,test-NP,train,train
93,CHEMBL611,6.37,COc1cc2nc(N3CCN(C(=O)C4CCCO4)CC3)nc(N)c2cc1OC,True,train,train,test-NP,train,train,ignore,ignore,test-NP,ignore,ignore,train,train,test-NP,train,train
94,CHEMBL621,6.41,O=c1n(CCCN2CCN(c3cccc(Cl)c3)CC2)nc2ccccn12,True,train,train,test-NP,train,train,ignore,ignore,test-NP,ignore,ignore,train,train,test-NP,train,train
95,CHEMBL726,7.54,OCCN1CCN(CCCN2c3ccccc3Sc3ccc(C(F)(F)F)cc32)CC1,True,train,train,test-NP,train,train,ignore,ignore,test-NP,ignore,ignore,train,train,test-NP,train,train
96,CHEMBL808,5.23,Clc1ccc(COC(Cn2ccnc2)c2ccc(Cl)cc2Cl)cc1,True,train,train,test-NP,train,train,ignore,ignore,test-NP,ignore,ignore,train,train,test-NP,train,train
97,CHEMBL81,5.43,O=C(c1ccc(OCCN2CCCCC2)cc1)c1c(-c2ccc(O)cc2)sc2cc(O)ccc12,True,train,train,test-NP,train,train,ignore,ignore,test-NP,ignore,ignore,train,train,test-NP,train,train
98,CHEMBL926,5.53,CC(CCc1ccc(O)cc1)NCCc1ccc(O)c(O)c1,True,train,train,test-NP,train,train,ignore,ignore,test-NP,ignore,ignore,train,train,test-NP,train,train
99,CHEMBL1065,5.32,CC[C@@H](CO)NC(=O)[C@@H]1C=C2c3cccc4c3c(cn4C)C[C@H]2N(C)C1,True,train,train,train,test-NP,train,ignore,ignore,ignore,test-NP,ignore,train,train,train,test-NP,train
100,CHEMBL1108,6.66,O=C(CCCN1CC=C(n2c(=O)[nH]c3ccccc32)CC1)c1ccc(F)cc1,True,train,train,train,test-NP,train,ignore,ignore,ignore,test-NP,ignore,train,train,train,test-NP,train
101,CHEMBL1172,5.67,Clc1ccc2c(c1)CCc1cccnc1C2=C1CCNCC1,True,train,train,train,test-NP,train,ignore,ignore,ignore,test-NP,ignore,train,train,train,test-NP,train
102,CHEMBL1201356,6.34,CC[C@@H](CO)NC(=O)[C@@H]1C=C2c3cccc4[nH]cc(c34)C[C@H]2N(C)C1,True,train,train,train,test-NP,train,ignore,ignore,ignore,test-NP,ignore,train,train,train,test-NP,train
103,CHEMBL1411979,5.48,CN(C)CCN(Cc1cccs1)c1ccccn1,True,train,train,train,test-NP,train,ignore,ignore,ignore,test-NP,ignore,train,train,train,test-NP,train
104,CHEMBL1612004,5.6,COc1ccccc1N,True,train,train,train,test-NP,train,ignore,ignore,ignore,test-NP,ignore,train,train,train,test-NP,train
105,CHEMBL1729,5.94,COc1cc(N)c(Cl)cc1C(=O)NC1CCN(CCCOc2ccc(F)cc2)CC1OC,True,train,train,train,test-NP,train,ignore,ignore,ignore,test-NP,ignore,train,train,train,test-NP,train
106,CHEMBL19215,7.8,CN1C[C@H](CNC(=O)OCc2ccccc2)C[C@@H]2c3cccc4c3c(cn4C)C[C@H]21,True,train,train,train,test-NP,train,ignore,ignore,ignore,test-NP,ignore,train,train,train,test-NP,train
107,CHEMBL195437,4.9,CCCCCCCCc1ccc(O)cc1,True,train,train,train,test-NP,train,ignore,ignore,ignore,test-NP,ignore,train,train,train,test-NP,train
108,CHEMBL290106,5.91,Oc1c(Cl)cc(Cl)cc1Sc1cc(Cl)cc(Cl)c1O,True,train,train,train,test-NP,train,ignore,ignore,ignore,test-NP,ignore,train,train,train,test-NP,train
109,CHEMBL305660,6.13,CC(C)(C)c1ccc(C(=O)CCCN2CCC(OC(c3ccccc3)c3ccccc3)CC2)cc1,True,train,train,train,test-NP,train,ignore,ignore,ignore,test-NP,ignore,train,train,train,test-NP,train
110,CHEMBL41,5.82,CNCCC(Oc1ccc(C(F)(F)F)cc1)c1ccccc1,True,train,train,train,test-NP,train,ignore,ignore,ignore,test-NP,ignore,train,train,train,test-NP,train
111,CHEMBL479,6.42,CSc1ccc2c(c1)N(CCC1CCCCN1C)c1ccccc1S2,True,train,train,train,test-NP,train,ignore,ignore,ignore,test-NP,ignore,train,train,train,test-NP,train
112,CHEMBL531,7.19,CCCN1C[C@H](CSC)C[C@@H]2c3cccc4[nH]cc(c34)C[C@H]21,True,train,train,train,test-NP,train,ignore,ignore,ignore,test-NP,ignore,train,train,train,test-NP,train
113,CHEMBL54,5.87,O=C(CCCN1CCC(O)(c2ccc(Cl)cc2)CC1)c1ccc(F)cc1,True,train,train,train,test-NP,train,ignore,ignore,ignore,test-NP,ignore,train,train,train,test-NP,train
114,CHEMBL633,4.89,CCCCc1oc2ccccc2c1C(=O)c1cc(I)c(OCCN(CC)CC)c(I)c1,True,train,train,train,test-NP,train,ignore,ignore,ignore,test-NP,ignore,train,train,train,test-NP,train
115,CHEMBL643,7.28,CC(CN1c2ccccc2Sc2ccccc21)N(C)C,True,train,train,train,test-NP,train,ignore,ignore,ignore,test-NP,ignore,train,train,train,test-NP,train
116,CHEMBL104,5.09,Clc1ccccc1C(c1ccccc1)(c1ccccc1)n1ccnc1,True,train,train,train,train,test-NP,ignore,ignore,ignore,ignore,test-NP,train,train,train,train,test-NP
117,CHEMBL1306,5.56,CC(C)N1CCN(c2ccc(OC[C@H]3CO[C@](Cn4cncn4)(c4ccc(Cl)cc4Cl)O3)cc2)CC1,True,train,train,train,train,test-NP,ignore,ignore,ignore,ignore,test-NP,train,train,train,train,test-NP
118,CHEMBL157101,4.74,CC(=O)N1CCN(c2ccc(OCC3COC(Cn4ccnc4)(c4ccc(Cl)cc4Cl)O3)cc2)CC1,True,train,train,train,train,test-NP,ignore,ignore,ignore,ignore,test-NP,train,train,train,train,test-NP
119,CHEMBL1909065,7.57,CO[C@@H]1[C@@H](OC)[C@H](C)[C@@](O)(CC(=O)O)O[C@H]1[C@H](C)[C@H]1O[C@@]2(CC[C@@](C)([C@H]3CC[C@@](C)([C@@H]4O[C@@H]([C@H]5O[C@](C)(O)[C@H](C)C[C@@H]5C)C[C@@H]4O[C@@H]4C[C@H](OC)[C@@H](OC)[C@H](C)O4)O3)O2)C[C@H](O)[C@H]1C,True,train,train,train,train,test-NP,ignore,ignore,ignore,ignore,test-NP,train,train,train,train,test-NP
120,CHEMBL21731,6.54,CNCCCC12CCC(c3ccccc31)c1ccccc12,True,train,train,train,train,test-NP,ignore,ignore,ignore,ignore,test-NP,train,train,train,train,test-NP
121,CHEMBL296419,5.42,COc1ccc(CCN2CCC(Nc3nc4ccccc4n3Cc3ccc(F)cc3)CC2)cc1,True,train,train,train,train,test-NP,ignore,ignore,ignore,ignore,test-NP,train,train,train,train,test-NP
122,CHEMBL442,8.41,CN1C[C@H](C(=O)N[C@]2(C)O[C@@]3(O)[C@@H]4CCCN4C(=O)[C@H](Cc4ccccc4)N3C2=O)C=C2c3cccc4[nH]cc(c34)C[C@H]21,True,train,train,train,train,test-NP,ignore,ignore,ignore,ignore,test-NP,train,train,train,train,test-NP
123,CHEMBL445,7.03,CNCCC=C1c2ccccc2CCc2ccccc21,True,train,train,train,train,test-NP,ignore,ignore,ignore,ignore,test-NP,train,train,train,train,test-NP
124,CHEMBL493,7.46,CC(C)C[C@H]1C(=O)N2CCC[C@H]2[C@]2(O)O[C@](NC(=O)[C@@H]3C=C4c5cccc6[nH]c(Br)c(c56)C[C@H]4N(C)C3)(C(C)C)C(=O)N12,True,train,train,train,train,test-NP,ignore,ignore,ignore,ignore,test-NP,train,train,train,train,test-NP
125,CHEMBL564,7.75,CN(C)CCCN1c2ccccc2Sc2ccccc21,True,train,train,train,train,test-NP,ignore,ignore,ignore,ignore,test-NP,train,train,train,train,test-NP
126,CHEMBL60889,5.72,CCOc1cc(N)c(Cl)cc1C(=O)NCC1CN(Cc2ccc(F)cc2)CCO1,True,train,train,train,train,test-NP,ignore,ignore,ignore,ignore,test-NP,train,train,train,train,test-NP
127,CHEMBL71,7.58,CN(C)CCCN1c2ccccc2Sc2ccc(Cl)cc21,True,train,train,train,train,test-NP,ignore,ignore,ignore,ignore,test-NP,train,train,train,train,test-NP
128,CHEMBL715,6.38,Cc1cc2c(s1)Nc1ccccc1N=C2N1CCN(C)CC1,True,train,train,train,train,test-NP,ignore,ignore,ignore,ignore,test-NP,train,train,train,train,test-NP
129,CHEMBL716,7.0,OCCOCCN1CCN(C2=Nc3ccccc3Sc3ccccc32)CC1,True,train,train,train,train,test-NP,ignore,ignore,ignore,ignore,test-NP,train,train,train,train,test-NP
130,CHEMBL762,5.89,Cc1cc(C(C)(C)C)c(O)c(C)c1CC1=NCCN1,True,train,train,train,train,test-NP,ignore,ignore,ignore,ignore,test-NP,train,train,train,train,test-NP
131,CHEMBL91,5.44,Clc1ccc(COC(Cn2ccnc2)c2ccc(Cl)cc2Cl)c(Cl)c1,True,train,train,train,train,test-NP,ignore,ignore,ignore,ignore,test-NP,train,train,train,train,test-NP
132,CHEMBL972,6.42,C#CCN(C)[C@H](C)Cc1ccccc1,True,train,train,train,train,test-NP,ignore,ignore,ignore,ignore,test-NP,train,train,train,train,test-NP
